fonte,count
https://www.youtube.com/,237
https://www.virgilio.it/,95
https://www.ilrestodelcarlino.it/,73
https://www.rainews.it/,59
https://www.ansa.it/,48
https://www.ilfattoquotidiano.it/,35
https://x.com/,34
https://www.open.online/,33
https://www.fanpage.it/,32
https://www.ilgiorno.it/,32
https://www.instagram.com/,32
https://m.facebook.com/,31
https://www.lastampa.it/,30
https://www.lanazione.it/,29
https://tg24.sky.it/,25
https://www.romatoday.it/,20
https://www.ilgazzettino.it/,19
https://www.msn.com/,19
https://agenparl.eu/,18
https://www.facebook.com/,18
https://www.ilmessaggero.it/,18
https://notizie.tiscali.it/,17
https://www.dailymotion.com/,17
https://www.palermotoday.it/,17
https://www.vanityfair.it/,17
https://www.tgcom24.mediaset.it/,16
https://www.unionesarda.it/,16
https://www.iltirreno.it/,15
https://prefettura.interno.gov.it/,14
https://stream24.ilsole24ore.com/,12
https://www.leggo.it/,12
https://ilgiornalepopolare.it/,11
https://www.agensir.it/,11
https://www.giornaledibrescia.it/,11
https://www.ilgiornale.it/,11
https://www.lagazzettadelmezzogiorno.it/,11
https://www.malpensa24.it/,11
https://www.notizie.it/,11
https://www.orizzontescuola.it/,11
https://www.today.it/,11
https://corrieredellumbria.it/,10
https://questure.poliziadistato.it/,10
https://torinocronaca.it/,10
https://www.agi.it/,10
https://www.corriere.it/,10
https://www.editorialedomani.it/,10
https://www.padovaoggi.it/,10
https://www.quotidiano.net/,10
https://alessandria.today/,9
https://alleyoop.ilsole24ore.com/,9
https://it.cibercuba.com/,9
https://milano.repubblica.it/,9
https://www.cdt.ch/,9
https://www.ildolomiti.it/,9
https://www.la7.it/,9
https://www.lapresse.it/,9
https://www.messinatoday.it/,9
https://www.reddit.com/,9
https://www.statoquotidiano.it/,9
https://www.telefriuli.it/,9
https://buonasera24.it/,8
https://calabria7.news/,8
https://it.linkedin.com/,8
https://livesicilia.it/,8
https://roma.corriere.it/,8
https://www.altalex.com/,8
https://www.avvenire.it/,8
https://www.baritoday.it/,8
https://www.bolognatoday.it/,8
https://www.cremonaoggi.it/,8
https://www.ilpiacenza.it/,8
https://www.ilsole24ore.com/,8
https://www.iodonna.it/,8
https://www.tempostretto.it/,8
https://ilmanifesto.it/,7
https://ilsicilia.it/,7
https://palermo.repubblica.it/,7
https://roma.repubblica.it/,7
https://tg.la7.it/,7
https://video.sky.it/,7
https://wesud.it/,7
https://www.9colonne.it/,7
https://www.adnkronos.com/,7
https://www.cataniatoday.it/,7
https://www.ilgallo.it/,7
https://www.ilmattino.it/,7
https://www.interno.gov.it/,7
https://www.larena.it/,7
https://www.messaggeroveneto.it/,7
https://www.repubblica.it/,7
https://www.rsi.ch/,7
https://www.tecnicadellascuola.it/,7
https://www.udinetoday.it/,7
https://www.webmarte.tv/,7
https://bitontolive.it/,6
https://corrieredelveneto.corriere.it/,6
https://corrierefiorentino.corriere.it/,6
https://mediasetinfinity.mediaset.it/,6
https://messina.gazzettadelsud.it/,6
https://napoli.repubblica.it/,6
https://unr.edu.ar/,6
https://www.antennasud.com/,6
https://www.brindisireport.it/,6
https://www.chietitoday.it/,6
https://www.corriereadriatico.it/,6
https://www.elle.com/,6
https://www.foggiatoday.it/,6
https://www.forlitoday.it/,6
https://www.gaeta.it/,6
https://www.gazzettadimantova.it/,6
https://www.giornaleinfocastelliromani.it/,6
https://www.ilnordest.it/,6
https://www.informazione.it/,6
https://www.ladige.it/,6
https://www.sanmarinortv.sm/,6
https://www.siracusanews.it/,6
https://www.sistemapenale.it/,6
https://www.vrsicilia.it/,6
https://27esimaora.corriere.it/,5
https://lespresso.it/,5
https://mantovauno.it/,5
https://milano.corriere.it/,5
https://radiowow.com/,5
https://riforma.it/,5
https://www.africarivista.it/,5
https://www.agenziacult.it/,5
https://www.alanews.it/,5
https://www.auslromagna.it/,5
https://www.avellinotoday.it/,5
https://www.centropagina.it/,5
https://www.cgil.it/,5
https://www.collettiva.it/,5
https://www.corrierealpi.it/,5
https://www.frosinonetoday.it/,5
https://www.giornalelavoce.it/,5
https://www.giornalelora.it/,5
https://www.giustiziainsieme.it/,5
https://www.ilpost.it/,5
https://www.lacnews24.it/,5
https://www.lametino.it/,5
https://www.lanuovacalabria.it/,5
https://www.milanotoday.it/,5
https://www.parmatoday.it/,5
https://www.pointofnews.it/,5
https://www.quintopotere.it/,5
https://www.radioradicale.it/,5
https://www.reggiotoday.it/,5
https://www.rovigo.news/,5
https://www.salernotoday.it/,5
https://www.siracusaoggi.it/,5
https://www.studocu.com/,5
https://www.swissinfo.ch/,5
https://www.tp24.it/,5
https://www.varesenews.it/,5
https://www.veneziatoday.it/,5
https://www.veronasera.it/,5
http://www.comune.torino.it/,4
https://capocronaca.it/,4
https://ennapress.it/,4
https://giornalesm.com/,4
https://mowmag.com/,4
https://palermo.gds.it/,4
https://qds.it/,4
https://trcgiornale.it/,4
https://tuttoggi.info/,4
https://umbria.tag24.it/,4
https://vocepinerolese.it/,4
https://www.affaritaliani.it/,4
https://www.agenziagiornalisticaopinione.it/,4
https://www.anconatoday.it/,4
https://www.arezzonotizie.it/,4
https://www.castellinotizie.it/,4
https://www.cesenatoday.it/,4
https://www.friulioggi.it/,4
https://www.gazzettadimodena.it/,4
https://www.ilbustese.it/,4
https://www.ilgerme.it/,4
https://www.ilpescara.it/,4
https://www.ilreggino.it/,4
https://www.italynews.org.uk/,4
https://www.labottegadelbarbieri.org/,4
https://www.lanuovasardegna.it/,4
https://www.laprovinciacv.it/,4
https://www.lasicilia.it/,4
https://www.liberoquotidiano.it/,4
https://www.libertasicilia.it/,4
https://www.lindipendente.online/,4
https://www.luccagiovane.it/,4
https://www.nuovavenezia.it/,4
https://www.orvietonews.it/,4
https://www.perugiatoday.it/,4
https://www.polesine24.it/,4
https://www.poliziadistato.it/,4
https://www.raiplay.it/,4
https://www.ravennatoday.it/,4
https://www.regione.emilia-romagna.it/,4
https://www.secoloditalia.it/,4
https://www.sulpanaro.net/,4
https://www.telemia.it/,4
https://www.ternitoday.it/,4
https://www.tiktok.com/,4
https://www.toscana-notizie.it/,4
https://www.trentotoday.it/,4
https://www.tusciatimes.eu/,4
https://www.tusciaweb.eu/,4
https://www.umbria24.it/,4
https://www.viterbotoday.it/,4
https://antennatre.medianordest.it/,3
https://askanews.it/,3
https://catanzaro.gazzettadelsud.it/,3
https://cn24tv.it/,3
https://corrierediarezzo.it/,3
https://corrieredibologna.corriere.it/,3
https://cremonasera.it/,3
https://dabitonto.com/,3
https://ecodellojonio.it/,3
https://esgdata.it/,3
https://gds.it/,3
https://laprovinciapavese.gelocal.it/,3
https://lavoce.hr/,3
https://liberta.it/,3
https://movieplayer.it/,3
https://norbaonline.it/,3
https://ntplusdiritto.ilsole24ore.com/,3
https://pagellapolitica.it/,3
https://partitodemocratico.it/,3
https://pordenoneoggi.it/,3
https://primabrescia.it/,3
https://primamonza.it/,3
https://ristretti.org/,3
https://telesveva.it/,3
https://video.corriere.it/,3
https://voitg.net/,3
https://volontariatolazio.it/,3
https://www.agrigentonotizie.it/,3
https://www.augustanews.it/,3
https://www.belvederenews.net/,3
https://www.blogsicilia.it/,3
https://www.borderline24.com/,3
https://www.carabinieri.it/,3
https://www.castedduonline.it/,3
https://www.ciaocomo.it/,3
https://www.comune.bagheria.pa.it/,3
https://www.comune.milano.it/,3
https://www.consiglio.regione.fvg.it/pagineinterne//Portale/,3
https://www.cremaonline.it/,3
https://www.cronachemaceratesi.it/,3
https://www.crotoneok.it/,3
https://www.cuneodice.it/,3
https://www.dagospia.com/,3
https://www.ekuonews.it/,3
https://www.fanoinforma.it/,3
https://www.gazzettadireggio.it/,3
https://www.gazzettinonline.it/,3
https://www.ilcittadino.it/,3
https://www.ildubbio.news/,3
https://www.ilfattonisseno.it/,3
https://www.ilfattovesuviano.it/,3
https://www.ilgiornaledichieti.it/,3
https://www.ilroma.net/,3
https://www.isnews.it/,3
https://www.ladigetto.it/,3
https://www.lafionda.com/,3
https://www.lanuovariviera.it/,3
https://www.lapiazzaweb.it/,3
https://www.laprovinciacr.it/,3
https://www.laregione.ch/,3
https://www.latestatamagazine.it/,3
https://www.latinaoggi.eu/,3
https://www.leggocassino.it/,3
https://www.legnanonews.com/,3
https://www.malpensanews.it/,3
https://www.marieclaire.it/,3
https://www.mattinopadova.it/,3
https://www.milanopavia.news/,3
https://www.milanopost.info/,3
https://www.modenatoday.it/,3
https://www.mondopalermo.it/,3
https://www.newtuscia.it/,3
https://www.nigrizia.it/,3
https://www.noitv.it/,3
https://www.notiziedabruzzo.it/,3
https://www.odysseo.it/,3
https://www.ospfe.it/,3
https://www.piacenza24.eu/,3
https://www.professionereporter.eu/,3
https://www.quotidianocontribuenti.com/,3
https://www.quotidianosanita.it/,3
https://www.radiogalileo.it/,3
https://www.riminitoday.it/,3
https://www.risoluto.it/,3
https://www.salonelibro.it/,3
https://www.sardegnagol.eu/,3
https://www.sassarioggi.it/,3
https://www.savethechildren.it/,3
https://www.scuolalink.it/,3
https://www.strettoweb.com/,3
https://www.tio.ch/,3
https://www.torinotoday.it/,3
https://www.trevisotoday.it/,3
https://www.tusciaup.com/,3
https://www.umbriajournal.com/,3
https://www.umbriatv.com/,3
https://www.vitawebtv.it/,3
https://www.wired.it/,3
http://ragusalibera.it/,2
http://www.ingenere.it/,2
https://98zero.com/,2
https://anagnia.com/,2
https://anci.lombardia.it/,2
https://bari.corriere.it/,2
https://bariseranews.it/,2
https://bologna.repubblica.it/,2
https://brescia.corriere.it/,2
https://comunicazione.camera.it/,2
https://consiglio.regione.umbria.it/,2
https://corriereirpinia.it/,2
https://etrurianews.it/,2
https://filatelia.poste.it/,2
https://finanza.repubblica.it/,2
https://friulisera.it/,2
https://gazzettadibologna.it/,2
https://giornalenews.it/,2
https://ilbolive.unipd.it/,2
https://ilcaffe.tv/,2
https://ilcorriere.net/,2
https://ilsalvagente.it/,2
https://infomedianews.com/,2
https://internapoli.it/,2
https://it.euronews.com/,2
https://it.insideover.com/,2
https://latinatu.it/,2
https://laziotv.it/,2
https://lecconotizie.com/,2
https://ledicola.it/,2
https://live.comune.venezia.it/,2
https://lostrillone.tv/,2
https://luce.lanazione.it/,2
https://m.cronacheancona.it/,2
https://marcheinfinite.com/,2
https://mediakey.it/,2
https://melfilive.it/,2
https://meridionews.it/,2
https://messina.gds.it/,2
https://napoli.comicon.it/,2
https://naufraghi.ch/,2
https://newsdellavalle.com/,2
https://nonsolocontro.it/,2
https://ntplusentilocaliedilizia.ilsole24ore.com/,2
https://orvieto24.it/,2
https://pagineesteri.it/,2
https://primaalessandria.it/,2
https://primaillevante.it/,2
https://primalariviera.it/,2
https://primamerate.it/,2
https://progettotouring.it/,2
https://quimesagne.it/,2
https://quotidianocostiera.it/,2
https://quotidianodigela.it/,2
https://quotidianodipalermo.it/,2
https://reportsicilia.it/,2
https://requadro.com/,2
https://rtp.gazzettadelsud.it/,2
https://sardanews.it/,2
https://secondotempo.cattolicanews.it/,2
https://siracusapress.it/,2
https://telenord.it/,2
https://teleregionetv.it/,2
https://tgverona.telenuovo.it/,2
https://ticinonotizie.it/,2
https://torino.corriere.it/,2
https://tv12.medianordest.it/,2
https://tvgnews.it/,2
https://uiltucs.it/,2
https://umbria7.it/,2
https://vastoweb.com/,2
https://vocedistrada.it/,2
https://www.actionaid.it/,2
https://www.agro24.it/,2
https://www.alessandria24.com/,2
https://www.alfemminile.com/,2
https://www.altoadige.it/,2
https://www.amnotizie.it/,2
https://www.ancoraonline.it/,2
https://www.aosp.bo.it/,2
https://www.assocarenews.it/,2
https://www.ats-valpadana.it/,2
https://www.avveniredicalabria.it/,2
https://www.bitontoviva.it/,2
https://www.boomcrescereneilibri.it/,2
https://www.brundisium.net/,2
https://www.camera.it/,2
https://www.campobellonews.com/,2
https://www.casertanews.it/,2
https://www.civico93.it/,2
https://www.civonline.it/,2
https://www.comune.bitonto.ba.it/,2
https://www.comune.brescia.it/,2
https://www.comune.roma.it/,2
https://www.comune.scandiano.re.it/,2
https://www.confesercenti.it/,2
https://www.contrastotv.it/,2
https://www.corrieredellacalabria.it/,2
https://www.corriereditaranto.it/,2
https://www.corrierepl.it/,2
https://www.corriereromagna.it/,2
https://www.cremaoggi.it/,2
https://www.cuneo24.it/,2
https://www.cusanomediaplay.it/,2
https://www.dedalomultimedia.org/,2
https://www.difesapopolo.it/,2
https://www.direcontrolaviolenza.it/,2
https://www.diritto.it/,2
https://www.docsity.com/,2
https://www.ecodelsannio.it/,2
https://www.estense.com/,2
https://www.eunews.it/,2
https://www.europarl.europa.eu/,2
https://www.focusonafrica.info/,2
https://www.fortuneita.com/,2
https://www.forumdiplomatico.com/,2
https://www.gazzettadisiena.it/,2
https://www.gazzettasarda.com/,2
https://www.globalproject.info/,2
https://www.gonews.it/,2
https://www.greenme.it/,2
https://www.icsciannacirincione.edu.it/,2
https://www.ilcapoluogo.it/,2
https://www.ilcrotonese.it/,2
https://www.ildomanibleo.com/,2
https://www.ilgazzettinometropolitano.it/,2
https://www.ilmamilio.it/,2
https://www.ilpiccolo.it/,2
https://www.ilriformista.it/,2
https://www.ilsecoloxix.it/,2
https://www.iltabloid.it/,2
https://www.ilvibonese.it/,2
https://www.immediato.net/,2
https://www.infoans.org/,2
https://www.infopal.it/,2
https://www.intersos.org/,2
https://www.istat.it/,2
https://www.kalaritanamedia.it/,2
https://www.lagazzettaaugustana.it/,2
https://www.lagazzettadilucca.it/,2
https://www.lanotteonline.it/,2
https://www.lanovitaonline.it/,2
https://www.laprimalinea.it/,2
https://www.laprovinciadicomo.it/,2
https://www.larampa.news/,2
https://www.lasiciliaweb.it/,2
https://www.latinanews.eu/,2
https://www.lavitacattolica.it/,2
https://www.lavocedelpatriota.it/,2
https://www.leccotoday.it/,2
https://www.lecronachelucane.it/,2
https://www.lepocaculturale.it/,2
https://www.libero.it/,2
https://www.liberta.it/,2
https://www.libertas.sm/,2
https://www.lidentita.it/,2
https://www.liguria.cgil.it/,2
https://www.loradibrindisi.it/,2
https://www.luceraweb.eu/,2
https://www.mbnews.it/,2
https://www.messinaindiretta.it/,2
https://www.minori.gov.it/,2
https://www.mitomorrow.it/,2
https://www.mobmagazine.it/,2
https://www.molisenetwork.net/,2
https://www.monzatoday.it/,2
https://www.napolitoday.it/,2
https://www.nordest24.it/,2
https://www.numerozero.org/,2
https://www.ondatv.tv/,2
https://www.osservatoreromano.va/,2
https://www.padovanews.it/,2
https://www.pariopportunita.gov.it/,2
https://www.pensionati.cisl.it/,2
https://www.perugiatomorrow.it/,2
https://www.piacenzadiario.it/,2
https://www.pisatoday.it/,2
https://www.pordenonetoday.it/,2
https://www.prealpina.it/,2
https://www.provincia.modena.it/,2
https://www.psicologi-italia.it/,2
https://www.puntosudnews.it/,2
https://www.qdmnotizie.it/,2
https://www.quicosenza.it/,2
https://www.quotidianodiragusa.it/,2
https://www.radio5punto9.it/,2
https://www.radiobullets.com/,2
https://www.radiopico.it/,2
https://www.radiosienatv.it/,2
https://www.ragusaoggi.it/,2
https://www.rai.it/,2
https://www.ravenna24ore.it/,2
https://www.reggiotv.it/,2
https://www.regione.sicilia.it/,2
https://www.rete55.it/,2
https://www.rgunotizie.it/,2
https://www.rietilife.com/,2
https://www.romagnanotizie.net/,2
https://www.rtl.it/,2
https://www.sardegnalive.net/,2
https://www.simlaweb.it/,2
https://www.siracusapost.com/,2
https://www.spazioapertosalento.it/,2
https://www.stampalibera.it/,2
https://www.startmag.it/,2
https://www.telebari.it/,2
https://www.teleregionelive.it/,2
https://www.telesudweb.it/,2
https://www.terzobinario.it/,2
https://www.threads.net/,2
https://www.ticinonews.ch/,2
https://www.trgmedia.it/,2
https://www.trnews.it/,2
https://www.tvimolise.it/,2
https://www.ufficiostampa.provincia.tn.it/,2
https://www.umbriacronaca.it/,2
https://www.unhcr.org/,2
https://www.unsertirol24.com/,2
https://www.uslnordovest.toscana.it/,2
https://www.valigiablu.it/,2
https://www.varese7press.it/,2
https://www.veratv.it/,2
https://www.vitatrentina.it/,2
https://www.viterbonews24.it/,2
https://www.vocedipopolo.it/,2
http://formazioneinfanzia.it/,1
http://www.aiafrivista.it/,1
http://www.buongiornoalghero.it/,1
http://www.capuaonline.com/,1
http://www.confraternitadeibianchi.it/,1
http://www.conquistedellavoro.it/,1
http://www.cronachetarantine.it/,1
http://www.gianmariacomolli.it/,1
http://www.ilpiacenza.it/,1
http://www.metalhammer.it/,1
http://www.montalcinonews.com/,1
http://www.msn.com/,1
http://www.news.admin.ch/,1
http://www.regione.emilia-romagna.it/,1
http://www.siciliaunonews.com/,1
http://www.umbriadomani.it/,1
https://24live.it/,1
https://2man.be/,1
https://abruzzoweb.it/,1
https://agenziastampaitalia.it/,1
https://aizkorri.fr/,1
https://algherolive.it/,1
https://altopascio.info/,1
https://altreconomia.it/,1
https://amiciziaitalo-palestinese.org/,1
https://amp.laregione.ch/,1
https://anionews.altervista.org/,1
https://ansabrasil.inf.br/,1
https://arzyncampo.altervista.org/,1
https://azionecattolica.it/,1
https://backend.4live.it/,1
https://bari.repubblica.it/,1
https://barlettalive.it/,1
https://barlettaweb24.it/,1
https://bergamo.corriere.it/,1
https://blog.uaar.it/,1
https://blogcq24.com/,1
https://books.google.com/,1
https://bookstore.despar.it/,1
https://bsky.app/,1
https://bur.regione.veneto.it/,1
https://cagliarinews.it/,1
https://calabria.live/,1
https://calciocesena.com/,1
https://campaniafelix.tv/,1
https://canaledieci.it/,1
https://canavesenews.it/,1
https://caserta.corriere.it/,1
https://catania.gds.it/,1
https://centropadrenostro.it/,1
https://cesvi.org/,1
https://chiaraeditrice.com/,1
https://citynotizie.it/,1
https://codacons.it/,1
https://community.omniavis.it/,1
https://comozero.it/,1
https://comune.bacoli.na.it/,1
https://comune.brescia.it/,1
https://coriglianocalabro.it/,1
https://corrieredimaremma.it/,1
https://corrieredisiena.it/,1
https://corrierelucchese.it/,1
https://corsi.unibo.it/,1
https://crema-news.it/,1
https://cronachedi.it/,1
https://cub.it/,1
https://cultura.cervantes.es/,1
https://cupofgreentea.it/,1
https://dailynewshungary.com/,1
https://diariopontino.it/,1
https://dilei.it/,1
https://diocesigubbio.it/,1
https://dokumen.pub/,1
https://dta.cnr.it/,1
https://e-tv.it/,1
https://earone.com/,1
https://ecoaltomolise.net/,1
https://edicola.shop/,1
https://esgnews.it/,1
https://etnanews24.it/,1
https://etvmarche.it/,1
https://eurispes.eu/,1
https://fashionlifeweb.it/,1
https://feministpost.it/,1
https://femminicidioitalia.info/,1
https://fermo.cna.it/,1
https://firenze.repubblica.it/,1
https://fisacabruzzomolise.com/,1
https://fishets.it/,1
https://fondieuropei.regione.emilia-romagna.it/,1
https://forumcorriere.corriere.it/,1
https://fumettologica.it/,1
https://gazzettadellaspezia.com/,1
https://gazzettadelsud.it/,1
https://gazzettadimalta.com/,1
https://genova.repubblica.it/,1
https://goriziaoggi.news/,1
https://gualdonews.it/,1
https://guidatv.quotidiano.net/,1
https://hopemedia.it/,1
https://iiscolajannienna.edu.it/,1
https://il-catenaccio.it/,1
https://ildispaccio.it/,1
https://ilfattodimolfetta.it/,1
https://ilfuturoquotidiano.it/,1
https://ilnuovotorrazzo.it/,1
https://ilpopolopordenone.it/,1
https://iltaccodibacco.it/,1
https://incronaca.unibo.it/,1
https://indico.ict.inaf.it/,1
https://informareunh.it/,1
https://insegreto.com/,1
https://integrazionemigranti.gov.it/,1
https://iris.uniroma1.it/,1
https://it.globalvoices.org/,1
https://itacanotizie.it/,1
https://italia-informa.com/,1
https://ivl24.it/,1
https://kapsalonclipz.be/,1
https://labusa.info/,1
https://ladiscussione.com/,1
https://lagiustizia.net/,1
https://lamilano.it/,1
https://lanazione.cronistinclasse.it/,1
https://lanuovabq.it/,1
https://laprovinciapavese.gelocal.it/embed/pavia/cronaca/2025/04/17/video/femminicidio_-_suicidio_di_confienza_i_funerali-15107251/?adref=None&el=player_ex_15107251&autostart=true&vpa=auto&wpm&nomzvpl&type=article_detail&pageWithPaywall=0&w_t_pagehref=https://laprovinciapavese.gelocal.it/,1
https://laprovinciarieti.it/,1
https://laroma24.it/,1
https://lasesia.vercelli.it/,1
https://lavocedinewyork.com/,1
https://left.it/,1
https://lentepubblica.it/,1
https://libreriamo.it/,1
https://liguria.usb.it/,1
https://lucerabynight.it/,1
https://m.cronachefermane.it/,1
https://m.cronachemaceratesi.it/,1
https://m.imdb.com/,1
https://magazine.unibo.it/,1
https://manewspiceno.it/,1
https://marsicalive.it/,1
https://massilosa.com/,1
https://me.usr.sicilia.it/,1
https://metronews.it/,1
https://mianews.it/,1
https://milano.lamilano.it/,1
https://mondonuovonews.com/,1
https://napoli.corriere.it/,1
https://napoli.lamilano.it/,1
https://napolimonitor.it/,1
https://napolitan.it/,1
https://nbassistante.fr/,1
https://necrologie.lasentinella.gelocal.it/,1
https://news.fidelityhouse.eu/,1
https://news.robadadonne.it/,1
https://nonsolorosa.it/,1
https://notizie.regione.emilia-romagna.it/,1
https://novate-milanese.e-pal.it/,1
https://oggilazio.it/,1
https://opencity.comune.bolzano.it/,1
https://opinione.it/,1
https://ordinemedicilatina.it/,1
https://orvietosi.it/,1
https://osservatorionomilscuola.com/,1
https://pariopportunita.provincia.bz.it/,1
https://pdregionelombardia.it/,1
https://piao.dfp.gov.it/,1
https://pinograzioli.news/,1
https://portalecug.gov.it/,1
https://primalamartesana.it/,1
https://primalecco.it/,1
https://quartieri.comune.fi.it/,1
https://quinlan.it/,1
https://quisalute.online/,1
https://radiofm1.it/,1
https://radiogold.it/,1
https://radionorba.it/,1
https://radiostereosantagata.it/,1
https://radiotaormina.it/,1
https://realcultura.it/,1
https://rewriters.it/,1
https://riflessimag.it/,1
https://risveglioduemila.it/,1
https://salto.bz/,1
https://sanmarinortv.sm/,1
https://sardegna.lamilano.it/,1
https://sardies.it/,1
https://servizi.comune.milano.it/,1
https://sestopotere.com/,1
https://sicilia.gazzettadelsud.it/,1
https://sinofilia.es/,1
https://site.unibo.it/,1
https://smart.comune.genova.it/,1
https://sosiride.org/,1
https://sport.quotidiano.net/,1
https://studiquestionecriminale.wordpress.com/,1
https://style.corriere.it/,1
https://telemolise.com/,1
https://telesardegna.it/,1
https://temi.camera.it/,1
https://terninrete.it/,1
https://terzultimafermata.blog/,1
https://thesis.unipd.it/,1
https://tiburno.tv/,1
https://ticronometro.com/,1
https://trapani.gds.it/,1
https://trapanioggi.it/,1
https://trcbologna.it/,1
https://trcmodena.it/,1
https://trendsanita.it/,1
https://trt.global/,1
https://tvavicenza.gruppovideomedia.it/,1
https://uke.it/,1
https://unipd-centrodirittiumani.it/,1
https://universityresearch.erickson.it/,1
https://uno4.it/,1
https://unric.org/,1
https://versiliapost.it/,1
https://vittorianozanolli.it/,1
https://vtrend.it/,1
https://webmagazine.unitn.it/,1
https://webtv.camera.it/,1
https://wordart.com/,1
https://www.055firenze.it/,1
https://www.105.net/,1
https://www.12tvparma.it/,1
https://www.24emilia.com/,1
https://www.31mag.nl/,1
https://www.7comunionline.it/,1
https://www.7giorni.info/,1
https://www.abogacia.es/,1
https://www.abruzzo24ore.tv/,1
https://www.activenews.it/,1
https://www.adn24.it/,1
https://www.adriaeco.eu/,1
https://www.agenfood.it/,1
https://www.agenziavista.it/,1
https://www.agipress.it/,1
https://www.agisweb.it/,1
https://www.aics.gov.it/,1
https://www.aics.it/,1
https://www.aise.it/,1
https://www.alfiere.online/,1
https://www.algheroeco.com/,1
https://www.almablog.it/,1
https://www.alpauno.com/,1
https://www.altovicentinonline.it/,1
https://www.altramantova.it/,1
https://www.amicidicapracotta.com/,1
https://www.anci.it/,1
https://www.andos-ud.it/,1
https://www.anteprima24.it/,1
https://www.approdocalabria.it/,1
https://www.apss.tn.it/,1
https://www.arcigay.it/,1
https://www.arciserviziocivile.it/,1
https://www.arona24.it/,1
https://www.articolo21.org/,1
https://www.artribune.com/,1
https://www.asianews.it/,1
https://www.asl2.liguria.it/,1
https://www.aslto3.piemonte.it/,1
https://www.aspbasilicata.it/,1
https://www.aspicodv.com/,1
https://www.asppalermo.org/,1
https://www.associazioneedela.it/,1
https://www.associazionelui.it/,1
https://www.assogestioni.it/,1
https://www.asst-lodi.it/,1
https://www.asst-settelaghi.it/,1
https://www.asst-spedalicivili.it/,1
https://www.balcanicaucaso.org/,1
https://www.bandieragialla.it/,1
https://www.bariviva.it/,1
https://www.barlettanews24.it/,1
https://www.bellunesinelmondo.info/,1
https://www.bergamonews.it/,1
https://www.besicilymag.it/,1
https://www.binews.it/,1
https://www.bluewin.ch/,1
https://www.bologna2000.com/,1
https://www.bolognacronaca.it/,1
https://www.bolognametropolitana.it/,1
https://www.borsaitaliana.it/,1
https://www.bresciaoggi.it/,1
https://www.bresciatoday.it/,1
https://www.brocardi.it/,1
https://www.buongiornonovara.com/,1
https://www.buongiornosuedtirol.it/,1
https://www.cagliarilivemagazine.it/,1
https://www.cagliaripad.it/,1
https://www.cagliaritoday.it/,1
https://www.calabriadirettanews.com/,1
https://www.calabrianews24.com/,1
https://www.camminosiracusa.it/,1
https://www.campadidanza.it/,1
https://www.canalesicilia.it/,1
https://www.canosaweb.it/,1
https://www.caputmundi.info/,1
https://www.caritas.it/,1
https://www.caritasroma.it/,1
https://www.casalenews.it/,1
https://www.casateonline.it/,1
https://www.cascinanotizie.it/,1
https://www.casilinanews.it/,1
https://www.castelloincantato.it/,1
https://www.catanzarochannel.it/,1
https://www.catanzaroinforma.it/,1
https://www.centriantiviolenzaer.it/,1
https://www.centroantiviolenza.org/,1
https://www.centropadrenostro.it/,1
https://www.cerignolaviva.it/,1
https://www.cgilreggioemilia.it/,1
https://www.channeldraw.org/,1
https://www.chiesadiverona.it/,1
https://www.chirmed.unict.it/,1
https://www.cineblog.it/,1
https://www.cinemaitaliano.info/,1
https://www.ciociariaoggi.it/,1
https://www.cittadellaspezia.com/,1
https://www.citynow.it/,1
https://www.clonline.org/,1
https://www.commissariatodips.it/,1
https://www.comune.alba.cn.it/,1
https://www.comune.arco.tn.it/,1
https://www.comune.bari.it/,1
https://www.comune.bastia.pg.it/,1
https://www.comune.casale-monferrato.al.it/,1
https://www.comune.ciampino.roma.it/,1
https://www.comune.cremona.it/,1
https://www.comune.cuneo.it/,1
https://www.comune.fi.it/,1
https://www.comune.leffe.bg.it/,1
https://www.comune.luratecaccivio.co.it/,1
https://www.comune.mesagne.br.it/,1
https://www.comune.montelupo-fiorentino.fi.it/,1
https://www.comune.montoro.av.it/,1
https://www.comune.noviligure.al.it/,1
https://www.comune.orvieto.tr.it/,1
https://www.comune.parma.it/,1
https://www.comune.pietrasanta.lu.it/,1
https://www.comune.poggibonsi.si.it/,1
https://www.comune.pordenone.it/,1
https://www.comune.reggioemilia.it/,1
https://www.comune.riccione.rn.it/,1
https://www.comune.rimini.it/,1
https://www.comune.salerno.it/,1
https://www.comune.sanmartinodivenezze.ro.it/,1
https://www.comune.sassari.it/,1
https://www.comune.udine.it/,1
https://www.comunicati-stampa.fvg.it/,1
https://www.comunicazioneitaliana.it/,1
https://www.confartigianatovicenza.it/,1
https://www.confcommerciocalabriacentrale.it/,1
https://www.confesercenti.siena.it/,1
https://www.confinelive.it/,1
https://www.consiglio.regione.fvg.it/,1
https://www.coppem.org/,1
https://www.corrieredellosport.it/,1
https://www.corrieredirieti.it/,1
https://www.corriereelorino.it/,1
https://www.corrierenazionale.net/,1
https://www.corrieresalentino.it/,1
https://www.cosmopolitan.com/,1
https://www.cr.campania.it/,1
https://www.cronaca.news/,1
https://www.cronacacomune.it/,1
https://www.cronacaonline.it/,1
https://www.cronachejunior.it/,1
https://www.csvbasilicata.it/,1
https://www.csvbrindisilecce.it/,1
https://www.csvfoggia.it/,1
https://www.csvtaranto.it/,1
https://www.cultandsocial.it/,1
https://www.culturaveneto.it/,1
https://www.cuneocronaca.it/,1
https://www.danzaedanza.com/,1
https://www.danzasi.it/,1
https://www.ddsp.univr.it/,1
https://www.des.unimore.it/,1
https://www.diario1984.it/,1
https://www.difesamagazine.com/,1
https://www.digitradio.it/,1
https://www.dimensioneinfermiere.it/,1
https://www.diocesicastellaneta.net/,1
https://www.diocesidicremona.it/,1
https://www.diocesitn.it/,1
https://www.direttasicilia.it/,1
https://www.dirittodicronaca.it/,1
https://www.doctor33.it/,1
https://www.donnealtri.it/,1
https://www.ecaserta.com/,1
https://www.ecodelcinema.com/,1
https://www.ecodellalocride.it/,1
https://www.ecodibergamo.it/,1
https://www.edge-glbt.it/,1
https://www.espansionetv.it/,1
https://www.esteri.it/,1
https://www.europeantimes.news/,1
https://www.faicisl.it/,1
https://www.falcri-is.com/,1
https://www.farmacianews.it/,1
https://www.farmacista33.it/,1
https://www.federalismi.it/,1
https://www.figc.it/,1
https://www.firenzetoday.it/,1
https://www.firstcisl.it/,1
https://www.fisac-cgil.it/,1
https://www.fisascat.it/,1
https://www.fitlevel.it/,1
https://www.flcgil.it/,1
https://www.forensicnews.it/,1
https://www.forlinotizie.net/,1
https://www.fpcgilemiliaromagna.it/,1
https://www.fpi.it/,1
https://www.friulab.it/,1
https://www.fsitaliane.it/,1
https://www.fsnews.it/,1
https://www.gay.it/,1
https://www.gazzetta.it/,1
https://www.gazzettadalba.it/,1
https://www.gazzettadellaspezia.it/,1
https://www.gazzettadellirpinia.it/,1
https://www.gazzettadiparma.it/,1
https://www.gazzettasociale.it/,1
https://www.gazzettaufficiale.it/,1
https://www.gazzettinodelchianti.it/,1
https://www.genova24.it/,1
https://www.genovatoday.it/,1
https://www.geronimo.news/,1
https://www.giornalealtopiano.it/,1
https://www.giornaledelbisenzio.it/,1
https://www.giornaledelcilento.it/,1
https://www.giovanireporter.org/,1
https://www.giustizianews24.it/,1
https://www.glpress.it/,1
https://www.gnewsonline.it/,1
https://www.gomrc.it/,1
https://www.grammichele.eu/,1
https://www.grandangoloagrigento.it/,1
https://www.grupposportivoghisa.it/,1
https://www.guidapsicologi.it/,1
https://www.h24notizie.com/,1
https://www.hellasverona.it/,1
https://www.historicaedizioni.com/,1
https://www.html.it/,1
https://www.huffingtonpost.it/,1
https://www.ideaginger.it/,1
https://www.idearadionelmondo.it/,1
https://www.ideawebtv.it/,1
https://www.iistorriani.it/,1
https://www.ilbiellese.it/,1
https://www.ilcarinese.it/,1
https://www.ilcarmagnolese.it/,1
https://www.ilcentro.it/,1
https://www.ilcittadinomb.it/,1
https://www.ildenaro.it/,1
https://www.ildifforme.it/,1
https://www.ilfaroonline.it/,1
https://www.ilfoglio.it/,1
https://www.ilfriuli.it/,1
https://www.ilgazzettinonuovo.it/,1
https://www.ilgiornaledelmolise.it/,1
https://www.ilgiornaleditrani.net/,1
https://www.ilgiornaledivicenza.it/,1
https://www.ilmediano.com/,1
https://www.ilmercoledi.news/,1
https://www.ilmondonuovo.club/,1
https://www.ilmoscone.it/,1
https://www.ilnordestquotidiano.it/,1
https://www.ilnotiziario.net/,1
https://www.ilpartitocomunistaitaliano.it/,1
https://www.ilpiccolo.net/,1
https://www.ilpuntocoldiretti.it/,1
https://www.ilpuntoquotidiano.it/,1
https://www.ilsipontino.net/,1
https://www.ilsolidale.it/,1
https://www.iltempionews.com/,1
https://www.iltquotidiano.it/,1
https://www.iltrafiletto.it/,1
https://www.imgpress.it/,1
https://www.infoaut.org/,1
https://www.infocilento.it/,1
https://www.infodata.ilsole24ore.com/,1
https://www.infomessina.it/,1
https://www.informamolise.com/,1
https://www.informatissimo.net/,1
https://www.ingenere.it/,1
https://www.ingmo.unimore.it/,1
https://www.insiemenews.it/,1
https://www.insurzine.com/,1
https://www.invitalia.it/,1
https://www.isantini.it/,1
https://www.isisarchimede.edu.it/,1
https://www.iss.it/,1
https://www.iss.it/web/guest//news/,1
https://www.italiachecambia.org/,1
https://www.italianitalianinelmondo.com/,1
https://www.italiaoggi.it/,1
https://www.iulm.it/,1
https://www.juorno.it/,1
https://www.korazym.org/,1
https://www.lacittadelnordmilano.it/,1
https://www.lacronaca24.it/,1
https://www.ladolcevita.tv/,1
https://www.lafeltrinelli.it/,1
https://www.lagazzettadelcalatino.it/,1
https://www.lagazzettadiviareggio.it/,1
https://www.lalaziosiamonoi.it/,1
https://www.lamescolanza.com/,1
https://www.lameziainforma.it/,1
https://www.lameziaterme.it/,1
https://www.lanotiziacondivisa.it/,1
https://www.lapressa.it/,1
https://www.laprimapagina.it/,1
https://www.laprovinciadivarese.it/,1
https://www.laprovinciakr.it/,1
https://www.laprovinciaunicatv.it/,1
https://www.larecherche.it/,1
https://www.latinacorriere.it/,1
https://www.latinatoday.it/,1
https://www.latuaetruria.it/,1
https://www.laverita.info/,1
https://www.lavocedibolzano.it/,1
https://www.lavocedilucca.it/,1
https://www.leccecronaca.it/,1
https://www.lecostituzionaliste.it/,1
https://www.lettera43.it/,1
https://www.letteraemme.it/,1
https://www.leurispes.it/,1
https://www.levantenews.it/,1
https://www.libraccio.it/,1
https://www.libroco.it/,1
https://www.liceoasproni.edu.it/,1
https://www.liguria24.it/,1
https://www.lincontro.news/,1
https://www.linearosa.it/,1
https://www.linkiesta.it/,1
https://www.linterferenza.info/,1
https://www.liratv.it/,1
https://www.litalianonews.it/,1
https://www.livornotoday.it/,1
https://www.lombardianotizie.online/,1
https://www.lospecialegiornale.it/,1
https://www.lostrillonenews.it/,1
https://www.lsdmagazine.com/,1
https://www.lucialibri.it/,1
https://www.luinonotizie.it/,1
https://www.luniversitario.it/,1
https://www.madehse.com/,1
https://www.mag2.it/,1
https://www.magherno.it/,1
https://www.malindikenya.net/,1
https://www.manduriaoggi.it/,1
https://www.marcheweekend.it/,1
https://www.maremmaoggi.net/,1
https://www.materanews.net/,1
https://www.mattinonline.ch/,1
https://www.mediaesipario.it/,1
https://www.mediaoneonline.it/,1
https://www.meer.com/,1
https://www.meltingpot.org/,1
https://www.merateonline.it/,1
https://www.meridiananotizie.it/,1
https://www.mi-lorenteggio.com/,1
https://www.micromega.net/,1
https://www.milanofinanza.it/,1
https://www.miocomune.tv/,1
https://www.molisetabloid.it/,1
https://www.mondadoristore.it/,1
https://www.mondodonna-onlus.it/,1
https://www.mondospettacolo.com/,1
https://www.moralizzatore.it/,1
https://www.narrativeoflives.com/,1
https://www.nessunotocchicaino.it/,1
https://www.nev.it/,1
https://www.nicolaporro.it/,1
https://www.nlr.plus/,1
https://www.noidonne.org/,1
https://www.noinotizie.it/,1
https://www.nordestnews.it/,1
https://www.notiziediprato.it/,1
https://www.novaradio.info/,1
https://www.novaratoday.it/,1
https://www.novetv.com/,1
https://www.nssgclub.com/,1
https://www.ntacalabria.it/,1
https://www.nurse24.it/,1
https://www.odg.it/,1
https://www.oggi.it/,1
https://www.ogginuoro.it/,1
https://www.okvaldisieve.it/,1
https://www.olbia.it/,1
https://www.omceoisernia.it/,1
https://www.omceovenezia.it/,1
https://www.ondanews.it/,1
https://www.ondarossa.info/,1
https://www.ontuscia.it/,1
https://www.openchanneltv.it/,1
https://www.opl.it/,1
https://www.orabuca.it/,1
https://www.ordineavvocaticatania.it/,1
https://www.ordinepsicologiveneto.it/,1
https://www.orticaweb.it/,1
https://www.osimoedintorni.info/,1
https://www.osservatoriofamiglia.it/,1
https://www.ottopermillevaldese.org/,1
https://www.patriaindipendente.it/,1
https://www.paxchristi.it/,1
https://www.pazienti.it/,1
https://www.peacelink.it/,1
https://www.periscopionline.it/,1
https://www.persemprenews.it/,1
https://www.plus-magazine.it/,1
https://www.policymakermag.it/,1
https://www.polito.it/,1
https://www.polpenuil.it/,1
https://www.popolis.it/,1
https://www.portadimare.it/,1
https://www.portalecce.it/,1
https://www.positanonews.it/,1
https://www.potenzanews.net/,1
https://www.pressenza.com/,1
https://www.primanotizie.it/,1
https://www.primapaginapartanna.it/,1
https://www.primapaginatrapani.it/,1
https://www.primonumero.it/,1
https://www.primopianomolise.it/,1
https://www.programmaintegra.it/,1
https://www.provincia.pistoia.it/,1
https://www.provincia.salerno.it/,1
https://www.pugliain.net/,1
https://www.puntosicuro.it/,1
https://www.pupia.tv/,1
https://www.qdpnews.it/,1
https://www.qfiumicino.com/,1
https://www.quasimezzogiorno.com/,1
https://www.quibrescia.it/,1
https://www.quindici-molfetta.it/,1
https://www.quinewsvaldera.it/,1
https://www.quotidianocanavese.it/,1
https://www.quotidianodelsud.it/,1
https://www.quotidianodipuglia.it/,1
https://www.quotidianomolise.com/,1
https://www.quotidianopiu.it/,1
https://www.radioalfa.fm/,1
https://www.radioamica.it/,1
https://www.radiolaquila1.it/,1
https://www.radiolaser.it/,1
https://www.radiolombardia.it/,1
https://www.radiondadurto.org/,1
https://www.radiopnr.it/,1
https://www.radioradio.it/,1
https://www.radiosapienza.net/,1
https://www.radiostudio7.net/,1
https://www.radiotorremacauda.it/,1
https://www.raiplaysound.it/,1
https://www.ravennaedintorni.it/,1
https://www.ravennanotizie.it/,1
https://www.ravennawebtv.it/,1
https://www.rbcasting.com/,1
https://www.redacon.it/,1
https://www.redazionenews.it/,1
https://www.reggionelpallone.it/,1
https://www.reggionline.com/,1
https://www.regione.fvg.it/,1
https://www.regione.umbria.it/,1
https://www.regione.veneto.it/,1
https://www.reportpistoia.com/,1
https://www.reportsardegna24.it/,1
https://www.reportweb.tv/,1
https://www.researchgate.net/,1
https://www.rete8.it/,1
https://www.reteabruzzo.com/,1
https://www.retegargano.it/,1
https://www.retisolidali.it/,1
https://www.rightsreporter.org/,1
https://www.rimininews24.it/,1
https://www.rivieraweb.it/,1
https://www.rockit.it/,1
https://www.romait.it/,1
https://www.romanews.eu/,1
https://www.romasette.it/,1
https://www.rotary2072.org/,1
https://www.rtmweb.it/,1
https://www.salernonotizie.it/,1
https://www.saluteinternazionale.info/,1
https://www.sanitainformazione.it/,1
https://www.santannapisa.it/,1
https://www.santannatoday.it/,1
https://www.sardegnaierioggidomani.com/,1
https://www.sardiniapost.it/,1
https://www.sassaritoday.it/,1
https://www.sassilive.it/,1
https://www.sassuolo2000.it/,1
https://www.sbs.com.au/,1
https://www.sciclivideonotizie.it/,1
https://www.scienzepolitiche.unina.it/,1
https://www.sciscianonotizie.it/,1
https://www.scuoladonnedigoverno.it/,1
https://www.scuolainforma.news/,1
https://www.scuolamagistratura.it/,1
https://www.scuolecefa.it/,1
https://www.segretaricomunalivighenzi.it/,1
https://www.senato.it/,1
https://www.senzacolonnenews.it/,1
https://www.settimanalediocesidicomo.it/,1
https://www.shmag.it/,1
https://www.sicilia24h.it/,1
https://www.sikilynews.it/,1
https://www.simcarabinieri.it/,1
https://www.sintony.it/,1
https://www.solobike.it/,1
https://www.soroptimist.it/,1
https://www.soveratoweb.com/,1
https://www.sportlegnano.it/,1
https://www.sslazio.it/,1
https://www.stiletv.it/,1
https://www.strill.it/,1
https://www.strisciarossa.it/,1
https://www.studio93.it/,1
https://www.subito.it/,1
https://www.sudnotizie.com/,1
https://www.sullascia.net/,1
https://www.svsdad.it/,1
https://www.tamtamtv.it/,1
https://www.tcftv.it/,1
https://www.teatroarcobaleno.net/,1
https://www.telefonoamicosassari.it/,1
https://www.telegolfo.com/,1
https://www.telejonio.com/,1
https://www.telemontekronio.it/,1
https://www.telespazioplay.com/,1
https://www.telestense.it/,1
https://www.teletruria.it/,1
https://www.teletutto.it/,1
https://www.televallo.it/,1
https://www.ternilife.com/,1
https://www.terremarsicane.it/,1
https://www.tfnweb.it/,1
https://www.tg10.it/,1
https://www.thewatcherpost.it/,1
https://www.thinkmovies.it/,1
https://www.threads.com/,1
https://www.today24.info/,1
https://www.torinoggi.it/,1
https://www.torresette.news/,1
https://www.trapanisi.it/,1
https://www.trasimenooggi.it/,1
https://www.trentinotv.it/,1
https://www.triesteallnews.it/,1
https://www.truemetal.it/,1
https://www.tv2000.it/,1
https://www.tvcampiflegrei.it/,1
https://www.tvprato.it/,1
https://www.tvsvizzera.it/,1
https://www.uilpolizia.com/,1
https://www.umbria360.it/,1
https://www.umbriaon.it/,1
https://www.uniba.it/,1
https://www.unicef.it/,1
https://www.unich.it/,1
https://www.unicredit.it/,1
https://www.unime.it/,1
https://www.unina.it/,1
https://www.unipa.it/,1
https://www.unipi.it/,1
https://www.uniroma1.it/,1
https://www.unito.it/,1
https://www.unive.it/,1
https://www.upday.com/,1
https://www.usb.it/,1
https://www.v-news.it/,1
https://www.vaccarinews.it/,1
https://www.valdinievoleoggi.it/,1
https://www.valledaostaglocal.it/,1
https://www.valmisa.com/,1
https://www.valored.it/,1
https://www.valtellinanotizie.com/,1
https://www.vaticannews.va/,1
https://www.venetonews.it/,1
https://www.ventonuovo.eu/,1
https://www.vercellinotizie.it/,1
https://www.vesuviolive.it/,1
https://www.vetrinatv.it/,1
https://www.victorialibertas.it/,1
https://www.videoandria.com/,1
https://www.videolina.it/,1
https://www.viella.it/,1
https://www.vipiu.it/,1
https://www.vita.it/,1
https://www.viverefoligno.it/,1
https://www.viverejesi.it/,1
https://www.vivereperugia.it/,1
https://www.vivisaar.com/,1
https://www.vocedeicittadini.it/,1
https://www.vocegiallorossa.it/,1
https://www.vocidalcilento.it/,1
https://www.vulturenews.net/,1
https://www.wanshi.it/,1
https://www.wikidonne.org/,1
https://www.wikimilano.it/,1
https://www.wltv.it/,1
https://www.womenews.net/,1
https://www.zarabaza.it/,1
https://www.zazoom.it/,1
https://www.zerottounonews.it/,1
https://www.zeroventiquattro.it/,1
https://www1.interno.gov.it/,1
https://www1.prefettura.it/,1
https://yesmagazine.it/,1
https://zonawrestling.net/,1
